Workbook

Sheet Main
A1: Resistance | B1: Temperature | C1: ADC
A2: 20000 | B2: 21.5 | C2: ='21.5℃'!B3 -> 1499.7347
A3: 20000 | B3: 55 | C3: ='55℃'!B3 -> 984.63492
A4: 20000 | B4: 90 | C4: ='90℃'!B3 -> 757.07547
A5: 47000 | B5: 21.5 | C5: ='21.5℃'!E3 -> 952.58824
A6: 47000 | B6: 55 | C6: ='55℃'!E3 -> 567.64407
A7: 47000 | B7: 90 | C7: ='90℃'!E3 -> 402.25
A8: 100000 | B8: 21.5 | C8: ='21.5℃'!H3 -> 611.94
A9: 100000 | B9: 55 | C9: ='55℃'!H3 -> 323.16418
A10: 100000 | B10: 90 | C10: ='90℃'!H3 -> 192.44643
A15: Resistance | B15: ADC range (21 to 90) | C15: ADC range (55 to 90)
A16: 20000 | B16: =C2-C4 -> 742.65922 | C16: =C3-C4 -> 227.55945
A17: 47000 | B17: =C5-C7 -> 550.33824 | C17: =C6-C7 -> 165.39407
A18: 100000 | B18: =C8-C10 -> 419.49357 | C18: =C9-C10 -> 130.71775

Sheet 21.5℃
A1: Resistance | B1: 20kΩ | D1: Resistance | E1: 47kΩ | G1: Resistance | H1: 100kΩ
A2: Temperature (℃) | B2: 21.5 | D2: Temperature (℃) | E2: 21.5 | G2: Temperature (℃) | H2: 21.5
A3: Avg. ADC | B3: =AVERAGE(Table1[ADC value]) -> 1499.7347 | D3: Avg. ADC | E3: =AVERAGE(Table13[ADC value]) -> 952.58824 | G3: Avg. ADC | H3: =AVERAGE(Table14[ADC value]) -> 611.94
A4: Time (s) | B4: ADC value | D4: Time (s) | E4: ADC value | G4: Time (s) | H4: ADC value
A5: 0 | B5: 1499 | D5: 0 | E5: 938 | G5: 0 | H5: 603
A6: 0.5 | B6: 1499 | D6: 0.5 | E6: 941 | G6: 0.5 | H6: 611
A7: 1 | B7: 1529 | D7: 1 | E7: 945 | G7: 1 | H7: 596
A8: 1.5 | B8: 1511 | D8: 1.5 | E8: 931 | G8: 1.5 | H8: 605
A9: 2 | B9: 1508 | D9: 2 | E9: 954 | G9: 2 | H9: 588
A10: 2.5 | B10: 1518 | D10: 2.5 | E10: 947 | G10: 2.5 | H10: 595
A11: 3 | B11: 1515 | D11: 3 | E11: 944 | G11: 3 | H11: 592
A12: 3.5 | B12: 1526 | D12: 3.5 | E12: 935 | G12: 3.5 | H12: 594
A13: 4 | B13: 1495 | D13: 4 | E13: 948 | G13: 4 | H13: 619
A14: 4.5 | B14: 1513 | D14: 4.5 | E14: 949 | G14: 4.5 | H14: 589
A15: 5 | B15: 1518 | D15: 5 | E15: 955 | G15: 5 | H15: 627
A16: 5.5 | B16: 1521 | D16: 5.5 | E16: 944 | G16: 5.5 | H16: 614
... A53: 24 | B53: 1487 | D53: 24 | E53: 953 | G53: 24 | H53: 624
D54: 24.5 | E54: 972 | G54: 24.5 | H54: 611
D55: 25 | E55: 956

Sheet 55℃
A1: Resistance | B1: 20kΩ | D1: Resistance | E1: 47kΩ | G1: Resistance | H1: 100kΩ
A2: Temperature (℃) | B2: 54.6 | D2: Temperature (℃) | E2: 54.8 | G2: Temperature (℃) | H2: 55.1
A3: Avg. ADC | B3: =AVERAGE(Table15[ADC value]) -> 984.63492 | D3: Avg. ADC | E3: =AVERAGE(Table136[ADC value]) -> 567.64407 | G3: Avg. ADC | H3: =AVERAGE(Table147[ADC value]) -> 323.16418
A4: Time (s) | B4: ADC value | D4: Time (s) | E4: ADC value | G4: Time (s) | H4: ADC value
A5: 0 | B5: 959 | D5: 0 | E5: 511 | G5: 0 | H5: 322
A6: 0.5 | B6: 958 | D6: 0.5 | E6: 507 | G6: 0.5 | H6: 321
A7: 1 | B7: 949 | D7: 1 | E7: 541 | G7: 1 | H7: 319
A8: 1.5 | B8: 959 | D8: 1.5 | E8: 525 | G8: 1.5 | H8: 321
A9: 2 | B9: 970 | D9: 2 | E9: 551 | G9: 2 | H9: 330
A10: 2.5 | B10: 970 | D10: 2.5 | E10: 545 | G10: 2.5 | H10: 331
A11: 3 | B11: 961 | D11: 3 | E11: 561 | G11: 3 | H11: 323
A12: 3.5 | B12: 957 | D12: 3.5 | E12: 547 | G12: 3.5 | H12: 323
A13: 4 | B13: 967 | D13: 4 | E13: 575 | G13: 4 | H13: 333
A14: 4.5 | B14: 971 | D14: 4.5 | E14: 555 | G14: 4.5 | H14: 335
A15: 5 | B15: 963 | D15: 5 | E15: 560 | G15: 5 | H15: 310
A16: 5.5 | B16: 947 | D16: 5.5 | E16: 561 | G16: 5.5 | H16: 333
... A63: 29 | B63: 995 | D63: 29 | E63: 578 | G63: 29 | H63: 330
A64: 29.5 | B64: 991 | G64: 29.5 | H64: 323
A65: 30 | B65: 990 | G65: 30 | H65: 322
A66: 30.5 | B66: 977 | G66: 30.5 | H66: 322
A67: 31 | B67: 982 | G67: 31 | H67: 321
G68: 31.5 | H68: 322
G69: 32 | H69: 325
G70: 32.5 | H70: 311
G71: 33 | H71: 323

Sheet 90℃
A1: Resistance | B1: 20kΩ | D1: Resistance | E1: 47kΩ | G1: Resistance | H1: 100kΩ
A2: Temperature (℃) | B2: 89.6 | D2: Temperature (℃) | E2: 90.3 | G2: Temperature (℃) | H2: 90
A3: Avg. ADC | B3: =AVERAGE(Table159[ADC value]) -> 757.07547 | D3: Avg. ADC | E3: =AVERAGE(Table13610[ADC value]) -> 402.25 | G3: Avg. ADC | H3: =AVERAGE(Table14711[ADC value]) -> 192.44643
A4: Time (s) | B4: ADC value | D4: Time (s) | E4: ADC value | G4: Time (s) | H4: ADC value
A5: 0 | B5: 752 | D5: 0 | E5: 413 | G5: 0 | H5: 209
A6: 0.5 | B6: 762 | D6: 0.5 | E6: 403 | G6: 0.5 | H6: 201
A7: 1 | B7: 767 | D7: 1 | E7: 419 | G7: 1 | H7: 195
A8: 1.5 | B8: 750 | D8: 1.5 | E8: 424 | G8: 1.5 | H8: 181
A9: 2 | B9: 761 | D9: 2 | E9: 402 | G9: 2 | H9: 190
A10: 2.5 | B10: 755 | D10: 2.5 | E10: 397 | G10: 2.5 | H10: 176
A11: 3 | B11: 752 | D11: 3 | E11: 384 | G11: 3 | H11: 196
A12: 3.5 | B12: 747 | D12: 3.5 | E12: 395 | G12: 3.5 | H12: 208
A13: 4 | B13: 753 | D13: 4 | E13: 396 | G13: 4 | H13: 193
A14: 4.5 | B14: 767 | D14: 4.5 | E14: 401 | G14: 4.5 | H14: 197
A15: 5 | B15: 767 | D15: 5 | E15: 386 | G15: 5 | H15: 190
A16: 5.5 | B16: 773 | D16: 5.5 | E16: 421 | G16: 5.5 | H16: 194
... A48: 21.5 | B48: 752 | D48: 21.5 | E48: 403 | G48: 21.5 | H48: 177
A49: 22 | B49: 746 | G49: 22 | H49: 195
A50: 22.5 | B50: 757 | G50: 22.5 | H50: 183
A51: 23 | B51: 749 | G51: 23 | H51: 213
A52: 23.5 | B52: 740 | G52: 23.5 | H52: 187
A53: 24 | B53: 743 | G53: 24 | H53: 182
A54: 24.5 | B54: 748 | G54: 24.5 | H54: 189
A55: 25 | B55: 731 | G55: 25 | H55: 207
A56: 25.5 | B56: 747 | G56: 25.5 | H56: 188
A57: 26 | B57: 753 | G57: 26 | H57: 176
G58: 26.5 | H58: 197
G59: 27 | H59: 193
G60: 27.5 | H60: 192
